Organisation ID,Employee ID,Employee Name,Location,Date,Day,Shift Timing,Tasks
East Midlands Health Care 002,E 012,Mia Wright,"Room 75, Cherry Blossom Residential Home, 333 Cherry Blossom Street, Leicester, LE15 5OO",10/06/2024,Monday,16:00-17:00,Administer meds
East Midlands Health Care 002,E 012,Mia Wright,"Room 66, Cherry Blossom Residential Home, 333 Cherry Blossom Street, Leicester, LE15 5OO",10/06/2024,Monday,17:00-18:00,Assist with meals
East Midlands Health Care 002,E 012,Mia Wright,"Room 88, Cherry Blossom Residential Home, 333 Cherry Blossom Street, Leicester, LE15 5OO",10/06/2024,Monday,18:00-19:30,Check vitals
East Midlands Health Care 002,E 012,Mia Wright,Own Location,10/06/2024,Monday,19:30-20:00,Assist with meals
East Midlands Health Care 002,E 012,Mia Wright,"333 Birchbrook Road, Leicester, LE15 5OO",10/06/2024,Monday,20:00-20.30, Break
East Midlands Health Care 002,E 012,Mia Wright,"333 Birchbrook Road, Leicester, LE15 5OO",10/06/2024,Monday,20:30-21:00,Mobility support
East Midlands Health Care 002,E 012,Mia Wright,"333 Birchbrook Road, Leicester, LE15 5OO",10/06/2024,Monday,21:00-22:00,Personal hygiene
East Midlands Health Care 002,E 012,Mia Wright,"333 Birchbrook Road, Leicester, LE15 5OO",10/06/2024,Monday,22:00-23:00,Assist with meals
East Midlands Health Care 002,E 012,Mia Wright,"Room 101, Cedar Grove Nursing Home, 444 Cedar Grove Road, Leicester, LE7 7GG",11/06/2024,Tuesday,16:00-17:00,Administer meds
East Midlands Health Care 002,E 012,Mia Wright,"Room 116, Cedar Grove Nursing Home, 444 Cedar Grove Road, Leicester, LE7 7GG",11/06/2024,Tuesday,17:00-18:00,Check vitals
East Midlands Health Care 002,E 012,Mia Wright,"Room 267, Cedar Grove Nursing Home, 444 Cedar Grove Road, Leicester, LE7 7GG",11/06/2024,Tuesday,18:00-19:30,Break
East Midlands Health Care 002,E 012,Mia Wright,"Room 67, Cedar Grove Nursing Home, 444 Cedar Grove Road, Leicester, LE7 7GG",11/06/2024,Tuesday,19:30-20:00,Mobility support
East Midlands Health Care 002,E 012,Mia Wright,Own Location,11/06/2024,Tuesday,20:00-20.30,Check vitals
East Midlands Health Care 002,E 012,Mia Wright,"444 Willow Way, Leicester, LE7 7GG",11/06/2024,Tuesday,20:30-21:00,Mobility support
East Midlands Health Care 002,E 012,Mia Wright,"	321 Domiciliary Lane, LE4 5AD, Leicester",12/06/2024,Wednesday,16:00-17:00,Personal hygiene
East Midlands Health Care 002,E 012,Mia Wright,"	321 Domiciliary Lane, LE4 5AD, Leicester",12/06/2024,Wednesday,17:00-18:00,Assist with meals
East Midlands Health Care 002,E 012,Mia Wright,"	321 Domiciliary Lane, LE4 5AD, Leicester",12/06/2024,Wednesday,18:00-19:30,Administer meds
East Midlands Health Care 002,E 012,Mia Wright,"	321 Domiciliary Lane, LE4 5AD, Leicester",12/06/2024,Wednesday,19:30-20:00,Check vitals
East Midlands Health Care 002,E 012,Mia Wright,Own Location,12/06/2024,Wednesday,20:00-20.30,Break
East Midlands Health Care 002,E 012,Mia Wright,"Room 44, Pine Tree Care Home, 101 Pine Tree Avenue, Leicester, LE4 4DD",12/06/2024,Wednesday,20:30-21:00,Personal hygiene
East Midlands Health Care 002,E 012,Mia Wright,"Room 99, Pine Tree Care Home, 101 Pine Tree Avenue, Leicester, LE4 4DD",12/06/2024,Wednesday,21:00-22:00,Check vitals
East Midlands Health Care 002,E 012,Mia Wright,"Room 456, Sunrise Senior Living, 456 Sunrise Road, Leicester, LE2 2BB",13/06/2024,Thursday,16:00-17:00,Administer meds
East Midlands Health Care 002,E 012,Mia Wright,"Room 456, Sunrise Senior Living, 456 Sunrise Road, Leicester, LE2 2BB",13/06/2024,Thursday,17:00-18:00,Assist with meals
East Midlands Health Care 002,E 012,Mia Wright,"Room 87, Sunrise Senior Living, 456 Sunrise Road, Leicester, LE2 2BB",13/06/2024,Thursday,18:00-19:30,Check vitals
East Midlands Health Care 002,E 012,Mia Wright,"Room 32, Sunrise Senior Living, 456 Sunrise Road, Leicester, LE2 2BB",13/06/2024,Thursday,19:30-20:00,Assist with meals
East Midlands Health Care 002,E 012,Mia Wright,Own Location,13/06/2024,Thursday,20:00-20.30, Break
East Midlands Health Care 002,E 012,Mia Wright,"Room 142, Sunrise Senior Living, 456 Sunrise Road, Leicester, LE2 2BB",13/06/2024,Thursday,20:30-21:00,Mobility support
East Midlands Health Care 002,E 012,Mia Wright,"Room 105, Sunrise Senior Living, 456 Sunrise Road, Leicester, LE2 2BB",13/06/2024,Thursday,21:00-22:00,Personal hygiene
East Midlands Health Care 002,E 012,Mia Wright,"Room 66, Sunrise Senior Living, 456 Sunrise Road, Leicester, LE2 2BB",13/06/2024,Thursday,22:00-23:00,Check vitals
East Midlands Health Care 002,E 012,Mia Wright,"123 Oak Street, Leicester, LE1 1AA",14/06/2024,Friday,16:00-17:00,Assist with meals
East Midlands Health Care 002,E 012,Mia Wright,"123 Oak Street, Leicester, LE1 1AA",14/06/2024,Friday,17:00-18:00,Administer meds
East Midlands Health Care 002,E 012,Mia Wright,"123 Oak Street, Leicester, LE1 1AA",14/06/2024,Friday,18:00-19:30,Check vitals
East Midlands Health Care 002,E 012,Mia Wright,Own Location,14/06/2024,Friday,19:30-20:00,Break
East Midlands Health Care 002,E 012,Mia Wright,"123 Care Home St, LE1 1AA, Leicester",14/06/2024,Friday,20:00-20.30,Personal hygiene
East Midlands Health Care 002,E 012,Mia Wright,"123 Care Home St, LE1 1AA, Leicester",14/06/2024,Friday,20:30-21:00,Check vitals
East Midlands Health Care 002,E 012,Mia Wright,"123 Care Home St, LE1 1AA, Leicester",14/06/2024,Friday,21:00-22:00,Administer meds
East Midlands Health Care 002,E 012,Mia Wright,"123 Care Home St, LE1 1AA, Leicester",14/06/2024,Friday,22:00-23:00,Mobility support
